{"cameraMode":{"drawMode":0,"name":"Shaded","section":"Shading Mode"},"sceneLighting":false,"audioPlay":false,"sceneViewState":{"showFog":true,"showMaterialUpdate":false,"showSkybox":false,"showFlares":true,"showImageEffects":true,"showParticleSystems":true},"in2DMode":false,"pivot":{"x":10.611433982849121,"y":-1.8069710731506348,"z":49.865516662597659},"rotation":{"x":0.09649079293012619,"y":0.6827345490455627,"z":-0.09170108288526535,"w":0.7184563875198364},"size":18.92229461669922,"orthographic":false}