{"cameraMode":{"drawMode":0,"name":"Shaded","section":"Shading Mode"},"sceneLighting":true,"audioPlay":false,"sceneViewState":{"showFog":true,"showMaterialUpdate":true,"showSkybox":true,"showFlares":true,"showImageEffects":true,"showParticleSystems":true},"in2DMode":false,"pivot":{"x":-0.39583784341812136,"y":0.9271666407585144,"z":-48.96783447265625},"rotation":{"x":-0.1970261037349701,"y":0.3544406592845917,"z":-0.07664167135953903,"w":-0.910897970199585},"size":3.446197986602783,"orthographic":false}