{"cameraMode":{"drawMode":0,"name":"Shaded","section":"Shading Mode"},"sceneLighting":false,"audioPlay":false,"sceneViewState":{"showFog":true,"showMaterialUpdate":true,"showSkybox":false,"showFlares":true,"showImageEffects":true,"showParticleSystems":true},"in2DMode":false,"pivot":{"x":-58.7589225769043,"y":-1.462371826171875,"z":276.8238830566406},"rotation":{"x":-0.21401481330394746,"y":-0.05361455678939819,"z":0.01178208738565445,"w":-0.9753127098083496},"size":1.4289418458938599,"orthographic":false}