{"cameraMode":{"drawMode":0,"name":"Shaded","section":"Shading Mode"},"sceneLighting":false,"audioPlay":false,"sceneViewState":{"showFog":true,"showMaterialUpdate":true,"showSkybox":false,"showFlares":true,"showImageEffects":true,"showParticleSystems":true},"in2DMode":false,"pivot":{"x":-12.514623641967774,"y":7.263008117675781,"z":16.642229080200197},"rotation":{"x":-0.21401481330394746,"y":-0.05361455678939819,"z":0.01178208738565445,"w":-0.9753127098083496},"size":22.0,"orthographic":false}