{"cameraMode":{"drawMode":0,"name":"Shaded","section":"Shading Mode"},"sceneLighting":false,"audioPlay":false,"sceneViewState":{"showFog":true,"showMaterialUpdate":false,"showSkybox":false,"showFlares":true,"showImageEffects":true,"showParticleSystems":true},"in2DMode":false,"pivot":{"x":10.1755952835083,"y":0.6281489133834839,"z":3.6868278980255129},"rotation":{"x":0.11381901055574417,"y":0.5563416481018066,"z":-0.07727635651826859,"w":0.8195003867149353},"size":10.845433235168457,"orthographic":false}